{
  "oi_z": 0.8968156697601539,
  "vol_z": 1.7065826756882063,
  "flow": 0.8740698878828451,
  "comp": 0.44141259686182344,
  "hist": 67,
  "conf": 0.8055257689383912,
  "p_break": 0.037059799390927434
}